group,n,doc_hit_at_1,doc_hit_at_3,doc_hit_at_5,doc_hit_at_10,doc_mrr,answer_in_top_1,answer_in_top_3,answer_in_top_5,answer_in_top_10,answer_mrr,rag_exact_match,rag_f1,rag_rouge_l,rag_bert_f1,rag_faithfulness,rag_not_found_rate,llm_exact_match,llm_f1,llm_rouge_l,llm_bert_f1
overall,115,1.0,1.0,1.0,1.0,1.0,0.7913043478260869,0.9652173913043478,1.0,1.0,0.8763768115942029,0.10434782608695652,0.7104618140585655,0.6470738207659092,0.9061040810916735,0.9797101449275362,0.017391304347826087,0.0,0.2679663048866685,0.1914969611481361,0.7752561092376709
ERA_ERTMS033281_2023,9,1.0,1.0,1.0,1.0,1.0,0.8888888888888888,1.0,1.0,1.0,0.9444444444444444,0.1111111111111111,0.6772830676181064,0.5998111868007913,0.8803566296895345,1.0,0.0,0.0,0.22539408649970827,0.18533308914993932,0.7516973416010538
ERA_ERTMSFRS_2007,8,1.0,1.0,1.0,1.0,1.0,1.0,1.0,1.0,1.0,1.0,0.125,0.8174557147615036,0.7588333516932678,0.9401440322399139,1.0,0.0,0.0,0.3183377254167654,0.22809074257775597,0.7924072369933128
FRA_LERT_2021,12,1.0,1.0,1.0,1.0,1.0,0.5833333333333334,1.0,1.0,1.0,0.7777777777777777,0.08333333333333333,0.6885572670275498,0.625169652786451,0.9053697288036346,1.0,0.0,0.0,0.23594862539462214,0.15036887363890608,0.7646828045447668
FRA_PassTrainEP_1998,12,1.0,1.0,1.0,1.0,1.0,1.0,1.0,1.0,1.0,1.0,0.0,0.7862599060241755,0.7451595217284804,0.9366809924443563,0.9722222222222222,0.0,0.0,0.28732512992664067,0.2048317160614428,0.7809124290943146
JICA_OM_URBAN_RAILWAYS_HB_2023,27,1.0,1.0,1.0,1.0,1.0,0.8148148148148148,0.9629629629629629,1.0,1.0,0.8901234567901234,0.037037037037037035,0.7268356057658045,0.6761750918225965,0.913328888239684,1.0,0.0,0.0,0.25774273343139864,0.18505151688500532,0.7817532883750068
NR_ESG_2025,10,1.0,1.0,1.0,1.0,1.0,0.4,0.9,1.0,1.0,0.6249999999999999,0.0,0.5896830812700622,0.4847382507952672,0.8740163087844849,1.0,0.0,0.0,0.2787613985015614,0.1726583706606029,0.7651086509227752
RSSB_M1_2023,12,1.0,1.0,1.0,1.0,1.0,0.8333333333333334,0.9166666666666666,1.0,1.0,0.8819444444444443,0.08333333333333333,0.6720151271580272,0.6122573899831498,0.8801435977220535,0.9166666666666666,0.08333333333333333,0.0,0.22923982650643052,0.17117004749024337,0.7629130731026331
SCRRA_TRACKMAINT_2020,25,1.0,1.0,1.0,1.0,1.0,0.8,0.96,1.0,1.0,0.8833333333333334,0.28,0.711381420767427,0.6419749252874627,0.9076493000984192,0.96,0.04,0.0,0.29856182842158724,0.21960017921103497,0.7835757446289062
